frase,situacao
"dor forte no peito que irradia para o braco esquerdo e suor frio",alto risco
"comecou agora uma dor no peito muito intensa e estou suando",alto risco
"sinto um aperto no peito que nao passa ha quarenta minutos",alto risco
"dor no peito acompanhada de nausea e tontura forte",alto risco
"peito pesado com falta de ar e palidez",alto risco
"dor no peito em repouso que esta piorando a cada dia",alto risco
"dor toracica que acorda a noite mesmo deitado",alto risco
"aperto no torax com vomito e sensacao de morte iminente",alto risco
"dor que vai do peito ate a mandibula com suor gelado",alto risco
"queimacao intensa no peito com falta de ar subita",alto risco
"falta de ar repentina sem conseguir completar uma frase",alto risco
"nao consigo deitar sem sufocar e durmo sentado ha tres dias",alto risco
"falta de ar para andar poucos passos dentro de casa",alto risco
"acordo de madrugada sufocando e preciso abrir a janela",alto risco
"falta de ar que piorou muito nos ultimos dois dias",alto risco
"estou ofegante mesmo parado e com labios arroxeados",alto risco
"falta de ar com inchaco nas duas pernas e ganho de peso rapido",alto risco
"respiracao muito curta e chiado forte no peito desde ontem",alto risco
"desmaiei no trabalho e nao lembro do que aconteceu",alto risco
"perdi a consciencia por alguns segundos enquanto caminhava",alto risco
"tive dois desmaios essa semana sem motivo aparente",alto risco
"a vista escureceu e eu cai no chao",alto risco
"senti o coracao disparar e quase desmaiei em seguida",alto risco
"coracao muito acelerado ha uma hora e nao normaliza",alto risco
"batimento totalmente irregular com tontura e fraqueza",alto risco
"palpitacao forte acompanhada de dor no peito",alto risco
"sinto o coracao falhando varias vezes e fico tonto",alto risco
"coracao disparado com suor e sensacao de desmaio",alto risco
"minha pressao esta 20 por 12 e estou com dor de cabeca muito forte",alto risco
"pressao muito alta com visao embacada e enjoo",alto risco
"pressao descontrolada com dor de cabeca intensa e vomito",alto risco
"acordei com o lado direito do corpo sem forca",alto risco
"estou com a fala enrolada e a boca torta desde hoje cedo",alto risco
"perdi a forca no braco esquerdo de repente",alto risco
"dificuldade subita para falar e entender o que me dizem",alto risco
"uma perna inchou de repente e doi muito na panturrilha",alto risco
"dor na batata da perna com vermelhidao e calor no local",alto risco
"falta de ar subita com dor no peito ao respirar fundo",alto risco
"escarro com sangue e falta de ar desde ontem",alto risco
"dor no peito depois de uma viagem longa de onibus",alto risco
"estou com dor no peito e ja tive um infarto no ano passado",alto risco
"dor no peito que nao melhora com o remedio que o medico passou",alto risco
"a dor no peito agora aparece ate quando estou sentado",alto risco
"antes a dor vinha so na caminhada longa e agora vem ao levantar da cama",alto risco
"dor no peito que dura mais de vinte minutos sem alivio",alto risco
"estou com dor no peito e meu coracao esta muito acelerado",alto risco
"sinto um peso enorme no peito e muita angustia",alto risco
"dor no peito com formigamento nos dois bracos",alto risco
"suor frio abundante e fraqueza intensa sem explicacao",alto risco
"fiquei palido suando e quase cai",alto risco
"estou confuso e muito fraco desde que a pressao subiu",alto risco
"inchaco nas pernas que subiu ate a barriga essa semana",alto risco
"ganhei quatro quilos em cinco dias e estou inchado",alto risco
"minhas pernas estao muito inchadas e sinto falta de ar a noite",alto risco
"cansaco extremo que me impede de tomar banho sozinho",alto risco
"nao consigo mais subir um lance de escada sem parar",alto risco
"estou cansado demais e com o coracao disparado o tempo todo",alto risco
"fadiga intensa com falta de ar e tontura ao levantar",alto risco
"tontura forte sempre que fico em pe e visao escurecendo",alto risco
"sinto o coracao bater devagar demais e fico sem forcas",alto risco
"meu pulso esta muito lento e estou com sono o dia todo",alto risco
"dor no peito que piora quando me deito e melhora sentado inclinado",alto risco
"febre alta com falta de ar e dor no peito ha tres dias",alto risco
"dor no peito apos esforco com nausea e suor",alto risco
"sinto queimacao no peito e dormencia no braco",alto risco
"dor entre as costas e o peito muito forte e repentina",alto risco
"dor nas costas rasgando que comecou de uma vez",alto risco
"diabetico com falta de ar e cansaco subito sem dor",alto risco
"mal estar forte com suor frio e enjoo em quem tem diabetes",alto risco
"dor no estomago com suor frio e falta de ar",alto risco
"sinto desconforto no peito desde que acordei e nao melhora",alto risco
"dor no peito que aumenta rapidamente de intensidade",alto risco
"palpitacao com dor no peito e falta de ar juntas",alto risco
"tontura forte com fala arrastada e fraqueza no rosto",alto risco
"muita falta de ar e tosse com espuma rosada",alto risco
"pressao caiu muito e estou com extremidades frias",alto risco
"estou com o coracao disparado e a pressao muito baixa",alto risco
"dor no peito e historico de colocacao de stent",alto risco
"dor no peito forte em quem ja teve ponte de safena",alto risco
"inchaco no pescoco e falta de ar ao deitar",alto risco
"sinto o coracao pulando batidas e dor no peito ao esforco",alto risco
"fiquei sem ar depois de um susto e continuo ofegante",alto risco
"dor no peito persistente mesmo depois de duas horas",alto risco
"dormencia no rosto e perda de equilibrio subita",alto risco
"vomito persistente com dor no peito e sudorese",alto risco
"estou com muita falta de ar e nao consigo falar frases longas",alto risco
"cansaco subito com palpitacao e dor no peito leve",alto risco
"edema nas pernas com falta de ar e tosse noturna",alto risco
"pressao arterial muito alta com sangramento no nariz e dor de cabeca",alto risco
"sinto tontura constante e ja desmaiei duas vezes esse mes",alto risco
"dor no peito que acordou de madrugada e nao passou",alto risco
"dor no peito acompanhada de palidez e extremidades frias",alto risco
"falta de ar com dor no peito depois de uma cirurgia recente",alto risco
"coracao disparado com dor no peito e vista escurecendo",alto risco
"estou com dor no peito e me sinto muito mal",alto risco
"sudorese intensa com fraqueza e sensacao de desmaio",alto risco
"falta de ar progressiva nas ultimas 48 horas",alto risco
"peito apertado com dificuldade de respirar e suor",alto risco
"dor no peito com batimento irregular e tontura",alto risco
"fraqueza subita de um lado do corpo com dor de cabeca forte",alto risco
"dor no peito que apareceu em repouso e durou meia hora",alto risco
"tive um leve incomodo nas costas ao levantar da cama",baixo risco
"dor nas costas que piora quando carrego peso e melhora com analgesico",baixo risco
"dor lombar ha um mes que some com alongamento",baixo risco
"dor no ombro quando levanto o braco acima da cabeca",baixo risco
"dor no pescoco depois de dormir em posicao ruim",baixo risco
"dor muscular nas pernas depois de treinar na academia",baixo risco
"dor no joelho ao subir escada que melhora com repouso",baixo risco
"incomodo nas costelas quando aperto com o dedo no local",baixo risco
"dor leve no peito que doi quando aperto a regiao com a mao",baixo risco
"desconforto no peito so quando viro o tronco para o lado",baixo risco
"dor de cabeca leve ha dois dias que melhora com agua e descanso",baixo risco
"dor de cabeca no fim do dia depois de muitas horas no computador",baixo risco
"enxaqueca que ja conheco e melhora com o remedio de sempre",baixo risco
"dor de cabeca fraca sem outros sintomas",baixo risco
"sinto a cabeca pesada quando durmo pouco",baixo risco
"estou resfriado com nariz entupido e espirros ha tres dias",baixo risco
"tosse com catarro amarelo sem febre e sem falta de ar",baixo risco
"dor de garganta leve que comecou ontem",baixo risco
"tosse seca ocasional que nao atrapalha o sono",baixo risco
"rouquidao ha dois dias depois de gritar muito",baixo risco
"azia depois de comer comida gordurosa",baixo risco
"queimacao no estomago que melhora com antiacido",baixo risco
"desconforto na boca do estomago depois do almoco",baixo risco
"enjoo leve pela manha que passa depois do cafe",baixo risco
"intestino preso ha tres dias sem dor forte",baixo risco
"estou cansado porque dormi mal essa semana",baixo risco
"cansaco no fim do dia que melhora depois de descansar",baixo risco
"sono durante a tarde quando almoco muito",baixo risco
"canso um pouco em caminhada longa mas recupero rapido",baixo risco
"sinto fadiga nos dias de muito trabalho e passa no fim de semana",baixo risco
"minha pressao esta controlada e nao sinto nada",baixo risco
"faco acompanhamento de pressao e os valores estao bons",baixo risco
"tomo o remedio de pressao certinho e me sinto bem",baixo risco
"pressao 12 por 8 na consulta de rotina",baixo risco
"quero renovar a receita do remedio de pressao",baixo risco
"colesterol um pouco alto no exame mas sem sintomas",baixo risco
"glicemia levemente alterada no exame de rotina",baixo risco
"quero saber o resultado do meu exame de sangue",baixo risco
"vim buscar o pedido de exames de rotina",baixo risco
"preciso de um atestado para a academia",baixo risco
"sinto o coracao bater mais rapido quando bebo muito cafe",baixo risco
"palpitacao leve que passa sozinha em segundos",baixo risco
"senti o coracao acelerar durante uma discussao e normalizou logo",baixo risco
"coracao acelerado depois de correr e volta ao normal rapido",baixo risco
"sinto uma batida mais forte as vezes ao deitar e nada mais",baixo risco
"tontura leve quando levanto rapido demais e melhora logo",baixo risco
"sensacao de cabeca leve quando fico muito tempo sem comer",baixo risco
"zumbido ocasional no ouvido sem outros sintomas",baixo risco
"vista embacada que melhorou quando troquei os oculos",baixo risco
"olho irritado e lacrimejando desde ontem",baixo risco
"inchaco leve nos pes no fim do dia de calor",baixo risco
"pes um pouco inchados depois de viagem de carro",baixo risco
"minhas pernas incham quando fico muito tempo em pe no trabalho",baixo risco
"caimbra na panturrilha durante a noite",baixo risco
"formigamento no pe quando sento em cima da perna",baixo risco
"dor no peito que ja investiguei e os exames deram normais",baixo risco
"desconforto leve no peito que passa em poucos segundos",baixo risco
"pontada rapida no peito ao respirar fundo que some logo",baixo risco
"dor no peito muito leve so quando estou ansioso",baixo risco
"sinto um aperto no peito em situacao de estresse e passa com respiracao",baixo risco
"falta de ar leve apenas quando corro muito rapido",baixo risco
"fico ofegante ao subir tres andares mas recupero em um minuto",baixo risco
"respiracao fica curta quando estou ansioso e melhora depois",baixo risco
"sinto falta de ar leve em dia muito quente",baixo risco
"chiado leve no peito quando estou gripado",baixo risco
"quero orientacao sobre alimentacao para o coracao",baixo risco
"gostaria de comecar a praticar exercicio e quero liberacao",baixo risco
"vim tirar duvida sobre o horario de tomar o remedio",baixo risco
"quero saber se posso tomar vitamina junto com meu remedio",baixo risco
"preciso de orientacao para parar de fumar",baixo risco
"estou com dificuldade para dormir ha duas semanas",baixo risco
"ronco alto segundo minha esposa mas durmo bem",baixo risco
"acordo cansado as vezes quando durmo tarde",baixo risco
"estou mais estressado no trabalho e com o sono irregular",baixo risco
"sinto ansiedade leve antes de reunioes",baixo risco
"dor de dente ha dois dias que melhora com analgesico",baixo risco
"coceira na pele depois que usei um sabonete novo",baixo risco
"mancha vermelha no braco sem dor nem febre",baixo risco
"unha encravada no pe doendo um pouco",baixo risco
"pequeno corte no dedo que ja esta cicatrizando",baixo risco
"dor no punho depois de digitar o dia inteiro",baixo risco
"dor no quadril quando caminho muito e melhora sentado",baixo risco
"desconforto na perna depois de longa caminhada",baixo risco
"dor no calcanhar ao levantar de manha",baixo risco
"dor leve no braco depois de carregar sacolas",baixo risco
"tive febre baixa ontem e hoje ja estou bem",baixo risco
"mal estar leve que durou algumas horas e passou",baixo risco
"nausea leve depois de tomar o remedio em jejum",baixo risco
"diarreia leve ontem sem febre e ja melhorou",baixo risco
"perdi um pouco de apetite essa semana sem outros sintomas",baixo risco
"quero conversar sobre meu peso e dieta",baixo risco
"gostaria de saber se preciso repetir o eletrocardiograma",baixo risco
"meu exame de esteira foi normal e nao sinto nada",baixo risco
"faco caminhada todo dia e nao sinto desconforto",baixo risco
"estou bem e so vim na consulta de acompanhamento",baixo risco
"dor leve no peito ao tossir que dura um segundo",baixo risco
"sinto dor no peito so quando me alongo de manha",baixo risco
"incomodo no peito que melhora quando mudo de posicao",baixo risco
"sinto o peito pesado depois de comer demais",baixo risco
"desconforto toracico leve que ja dura meses sem mudar",baixo risco
"cansaco leve que comecou quando mudei de turno no trabalho",baixo risco
"palpitacao leve apos tomar energetico",baixo risco
"tontura rapida ao virar a cabeca na cama",baixo risco
"inchaco nos tornozelos que some quando elevo as pernas",baixo risco
